Country Name,1970,1971,1972,1973,1974,1975,1976,1977,1978,1979,1980,1981,1982,1983,1984,1985,1986,1987,1988,1989,1990,1991,1992,1993,1994,1995,1996,1997,1998,1999,2000,2001,2002,2003,2004,2005,2006,2007,2008,2009,2010,2011,2012,2013,2014,2015,2016,2017,2018
Aruba,,,,,,,,,,,,,,,,,,,,,,,,,,,,,,,,,,,,,,,,,,,,,,,,2132,2276
Afghanistan,4000,4700,4800,3700,4300,4700,4500,4900,4800,4900,4200,4200,5400,5700,6200,6400,5800,6000,5900,5200,5300,5300,5300,5100,7000,7300,7500,4600,1900,3400,3409,,,,,,,,,,21677,25021,17775,21696,25920,23532,22770,24207,24433.446
Angola,,,,,,,2600,4800,5000,11900,12800,15000,13900,22400,10700,13100,11100,11100,11000,6800,6900,7000,6900,5600,7600,7300,7700,7300,7400,5100,4399,4354,4343,4633,4849,4948,4965,5277,3361,3236,17060,12282,13072,14496,13716,13116,15482,13494,13978
Albania,,,,,,,,,,,,,,,,,,,,,,,,,600,600,1400,1900,1100,2700,3885,3974,3762,3800,4104,4309,4481,4930,5058,5140,9412,10373.21094,10309.17914,11196,1992,,306,1904,2935
Andorra,,,,,,,,,,,,,,,,,,,,,,,,,,,,,,,,,,,,,,,,,,,,,,,,,
Arab World,145300,151200,159800,173400,201400,215500,252000,274500,295700,314400,330000,341600,324500,352300,349000,344800,340700,334500,355500,356900,354400,319800,370600,390200,405800,388600,408400,407400,402500,441200,470300,470936,473898,493857,553147,431300,471714,516679,504211,811221,1065038.011,1093318.561,1159025.939,1222183.5,1289638.767,1375862,1476812,1503553.38,1493348.769
United Arab Emirates,,,,,4700,5400,6200,6300,7200,8300,9500,10000,8700,9500,10100,10500,12200,12800,15100,16000,18800,19400,26300,30100,34000,34200,38000,39000,41100,44400,48330,50783,54952,71224,87217,,,,,170588,240855.107,269521,311758,327076,352224,437638,463947,459137,455957
Argentina,71700,75600,79000,71100,79000,89800,90000,93600,96500,103700,114400,113800,103900,109100,101400,100500,102300,111800,106200,101600,114000,78500,86300,83300,99500,112400,131400,171600,144600,183600,168815,124493,113178,91657,90518,81298,74162,79465,74649,74546,92847.50654,90214.52053,101716.2689,145136.0207,134521,145585,149334,146631,161688
Armenia,,,,,,,,,,,,,,,,,,,,,,,,,,,2200,4300,4500,2900,4406,2804,2997,3842,5657,5939,6177,5975,6681,7632,8761,5561,6043,852,0,,,,
American Samoa,,,,,,,,,,,,,,,,,,,,,,,,,,,,,,,,,,,,,,,,,3420.570755,3577.613861,3963.003648,8580,9144,,,,
Antigua and Barbuda,,,,,,,,,,,,21300,35800,40200,45900,55500,65000,65000,61700,58000,58000,67300,68200,70800,74000,77700,77700,69300,70100,68200,62070,72001,63361,67163,25700,26985,26175,27746,28356,26371,39865,36533.604,33606.03922,52572,46404,40047,40928,24019,23206.96627
Australia,283300,288000,283800,256500,18700,18700,29300,246600,259100,259000,257700,230800,222700,230500,214200,238600,266600,283300,294400,230300,255900,283600,324600,347700,405600,396100,371200,394500,378200,384800,382514,388734,536867,529648,324939,342509,352909,353546,393363,403256,572906,593145.0025,622917,641451,664970,668961,682937,672349,665384
Austria,14900,16500,18400,20900,20000,21000,23100,24000,25800,26100,27200,27800,36400,37700,38000,37800,37700,38700,40100,39900,42000,47400,63600,73000,87700,109000,118100,121300,127900,127200,138700,133561,135516,128449,137049,141968,149512,151070,150738,138942,176195,166729.9973,162715.736,166251,162576,152056,149030,156761,130260
Azerbaijan,,,,,,,,,,,,,,,,,,,,,,,,22200,22200,19600,19500,17200,10100,8500,8012,7922,8175,9195,11090,12470,12777,13039,12008,10264,9885,15082,16597,15886,21910,23781,24009,20699,19960
Burundi,,,,,,,300,300,400,400,500,500,500,500,600,600,400,900,900,900,900,900,900,900,900,1000,1000,1400,1400,,,,,,,,,,,,,,,,,,,,
Belgium,40800,40700,41000,40400,37300,36100,39900,42800,46000,48000,47800,43000,40400,39100,40400,43200,45300,45900,51200,59700,66500,70000,77100,109100,118700,141200,164700,182700,213000,233300,225906,178331,133682,132779,154218,151939,158016,173818,179019,249997,127677.5322,131577,132099.3425,130230,132976.5296,141116,147324,145540,140674
Benin,1400,1300,1000,1100,1000,1100,1200,1100,1100,1200,1100,1600,2000,2000,2000,2100,2700,2600,2600,1100,500,1200,1100,1300,1300,1300,1500,1500,1500,1500,1518,716,,,,,,,,,1255.454545,1381,1381,1728,648,1209,10,,
Burkina Faso,1600,1500,1200,1300,1300,1400,1600,1500,1600,1600,2300,2200,2300,2300,2300,2400,3600,2700,2800,2800,2200,2900,2800,3000,3000,3100,3300,1800,1800,3300,3368,1983,1257,1285,1415,1471,1512,1614,1413,1433,4235,3983.150259,3856.224563,3780,3672,3875,3861,3863,4270
Bangladesh,,,,13500,13000,14200,13400,13000,13700,14800,13500,13400,13700,14300,11800,13600,15000,15400,13100,14600,13000,13800,14600,15600,13000,12600,13100,12800,11900,5900,6313,6486,6464,7165,7403,7399,7971,11139,11308,16399,19299.82618,26535,26996.25441,59064,65364,55864,59728,70503,101383.4657
Bulgaria,17900,17800,18400,19000,19800,20100,22000,22200,22800,26600,27000,27000,34500,38000,39100,37000,38700,40000,39800,35900,37200,15300,16500,17300,16900,14700,13600,12700,14600,15200,12158,6687,2252,4577,7848,9691,12471,12221,15974,11237,11321,12297,11826,11736,11755,11768,12187,11748,11435
Bahrain,8300,7700,8300,8800,4700,5400,6200,6300,7200,8300,9500,10000,8700,9500,10100,10500,9600,8800,9400,10000,10900,10000,12900,14700,15200,13400,15400,14400,12300,20900,21303,20492,19752,28508,32488,,,,,69808,62473,60778.71626,63711.97917,52452,55980,57444,55592,54474,57094
"Bahamas, The",,,,,,15900,16000,16500,17200,29900,32000,8200,9200,9100,8400,18100,18000,18300,19500,20200,18900,18900,16700,17700,17700,19300,20100,9100,9300,31100,31416,29395,26493,24455,29817,33211,33723,34402,33433,30267,26395,28393,30640,34188,53366,48535,49095,48017,56629.4567
Bosnia and Herzegovina,,,,,,,,,,,,,,,,,,,,,,,,,,,,,1100,4300,4768,4530,4394,4570,,,,,1004,1359,1573.549757,1060.065672,750.069403,552,420,81,,,
Belarus,,,,,,,,,,,,,,,,,,,,,,,,35300,35300,35300,31800,5600,5700,6100,5772,5891,5545,6047,6211,5407,5646,6210,6371,5868,12101,14378,14608,17820,21168,22939,26857,29562,31676
Belize,,,,,,,,,,,,,,,,,,,,,,,,,,,,,,,,,,,,,,,,,19855,31755,59089,71401,112760,120072,121581,141319,125681.6909
Bermuda,,,,,,,,,,,,,,,,,,,,,,,,,,,,,,,,,,,,,,,,,,,,,,,,,
Bolivia,11800,11500,11900,11500,11400,14600,13800,14800,16400,17800,18500,16700,15000,15500,14900,15400,17400,15300,15900,16100,15600,15100,14000,12600,15300,16600,31700,34700,32000,24000,21566,20007,20560,28901,25764,25644,21978,24089,21088,19011,37019,40751.45072,41974.6792,33467,51017.00187,42682,45722,54102,56592
Brazil,137700,149300,156700,173200,204800,209100,206100,194900,193000,211100,232500,236900,240200,259900,337100,335100,367900,386200,401900,398700,415900,457700,405500,400100,408300,453500,483600,568600,609900,692600,628081,654106,627878,486777,486025,514700,560838,649738,647753,752225,841793,970561,1002565,952307,937437,944557,826943,803846,832683
Barbados,,100,200,400,300,400,500,600,600,600,300,400,300,300,300,500,1400,1100,700,700,700,700,,,,,,,,,,,,,,,,,,,,,,,,,,,
Brunei Darussalam,,,,,,,,,,,,,,,3500,3700,3600,3400,3500,3600,4400,4400,5100,6700,9600,11800,12200,13600,13600,16200.00098,12739,12237,11953,11812,13322,11808,12381,12128,13071,12274,12333,11672,10374,10920,10392,11624,11058,10743,11310
Bhutan,,,,,,,,,,,,,,,,,,,600,600,600,600,600,600,600,900,900,1000,1000,1100,1138,1297,1948,1890,2306,2467,2566,2720,2772,2706,3053.399927,4146.031775,3553,5820,8772,4640,6065,4215,5187
Botswana,,,,,,,,,,1600,2700,2600,2600,2600,2800,3500,3300,4300,4600,4900,5800,6700,6300,3800,3600,4000,4200,4900,5400,5900,6703,7138,7304,7214,7885,8181,6905,7366,6105,6142,7681,7910.25856,8422.23448,9396,8304,7741,7933,7002,6774
Central African Republic,3600,3600,3300,3400,3400,3700,3900,3800,4100,4200,4300,4000,4200,4100,4200,4300,4300,4300,4400,4400,3800,4500,1100,1300,1300,1300,1500,1500,1500,1500,1518,716,,,,,,,,,,,,,,,,,
Canada,305200,292500,291400,348900,371900,363800,352900,348000,349200,357700,382000,383600,344000,325300,343600,351900,343000,333800,380900,370200,346800,257800,258700,243700,253500,282800,305800,310800,317800,319600,963468,982013,263906,1036092,988755,1018480,1042100,1188947,1200361,1198381,1234528.619,1245743.616,1280198.186,1263297.337,1290419,1322033,1359442,1443818,1475062.586
Central Europe and the Baltics,72700,88900,100300,105300,110900,120200,140700,143100,142900,150900,142600,119000,103300,118200,127900,127300,133300,133000,130000,133200,129000,93800,116900,143800,151200,158500,167200,183500,188200,205200,220821,237439,235443,268637,314685,347743,363872,397337,415443,405656,459987.6055,458432.2124,409115.8317,407489,414473.868,420199,436849,484988,528364
Switzerland,84600,86500,83100,85700,87700,89500,89300,90500,93600,95300,97700,95900,109200,111400,111600,115800,122200,122700,132000,145900,152100,150800,157600,168900,174900,191200,218200,220800,250300,276300,289031,284899,242800,189121,144703,134839,125126,139124,158788,168280,224807,244994,257233.2543,266128,263267,250094,229530,216436,219782
Channel Islands,,,,,,,,,,,,,,,,,,,,,,,,,,,,,,,,,,,,,,,,,,,,,,,,,
Chile,24900,27000,24800,21200,21500,16600,14300,14800,14100,12500,13700,18300,20700,19200,20100,25300,26300,29000,35300,36000,40100,36600,48200,58600,68800,77800,93700,109300,119100,92500,87945,82942,78187,82789,86140,93003,94770,101008,108565,97473,108840,123739,125120,127631,124480,116532,116238,124316,134661
China,,,,,21200,26600,27700,28800,34000,63000,51000,57300,69800,74000,92500,102200,127900,159700,176900,159200,196000,190300,200300,261600,325900,397600,493000,470200,510500,547800,572921,840911,932064,946354,1209900,1349269,1542564,1753550,1853088,2140124,2377789,2538667,2779741,3073450,3356756,3616026,3952098,4359033,4692008
Cote d'Ivoire,4300,3900,3800,4000,4000,4600,4900,4900,5100,5200,5600,10300,10400,10400,10700,6100,6100,6700,7100,5600,5400,4900,5000,4600,4300,4400,4600,3500,3500,6300,2342,716,,,,,,,,,5604,907,415,3912,4032,9068,9463,14884,15188
Cameroon,3800,2800,2300,4000,0,3700,0,7200,6500,10000,8300,8400,8500,8200,8100,8200,6100,6200,6200,9700,7100,7000,4100,4100,4200,3800,3800,6500,6600,5400,5580,10103,4720,9524,10337,10696,10925,11650,9471,9501,0,3036,4938,5640,5640,5499,8212,5640,5550
"Congo, Dem. Rep.",8300,7900,8100,8900,12000,19200,18600,15800,14100,13600,11800,12200,9200,7400,7600,3900,5000,5200,4500,4800,5100,3500,3000,2600,3900,,,,,,,5200,,,,,,,,,1945,2295,4781,11448,11580,12476,11513,18757,18612.19624
"Congo, Rep.",3700,3700,3400,3600,3600,3800,4000,4000,4300,4400,4300,5300,5600,6100,6000,6400,6700,4400,4500,4700,4100,4800,4700,4900,4900,6300,5400,10200,10300,6000,6257,5235,4505,4783,,,,,,,3755.333633,4817,7011,12132,10380,11462,10604,8439,8439
Colombia,145800,125200,115400,103300,75700,70300,69200,63500,69300,70100,65500,69400,157900,158800,133300,124100,123900,118200,118600,127000,116900,124500,147100,167200,181500,193700,195200,224800,234700,208600,199370,190465,179994,171933,153204,162095,175006,185872,187382,196298,226094,237570.829,254059.929,304365.908,349864.363,368947,366188,355039,358847
Comoros,,,,,,,,,,,,,,,1100,1200,1000,1000,1000,1000,1000,1000,1000,1000,1000,1100,1100,,,,,,,,,,,,,,,,,,,,,,
Cabo Verde,,,,,,,1500,1500,1500,1500,1600,2400,4800,7300,7600,8100,6100,6700,6700,6700,6700,6600,6800,6800,6800,7100,7400,14600,14800,12100,13010,8745,8735,9434,16612,19905,19862,21086,12236,11560,10363,10658.07129,10555.22865,8148,7728,7989,8745,4868,1546
Costa Rica,14400,14400,11600,12100,12300,11800,12000,10100,9300,9400,13800,12700,12600,11700,12400,8500,8400,9200,10800,11400,12500,13300,15100,16900,18300,26900,20800,24300,36900,32000,24297,32270,32605,31219,33517,36045,36170,37284,36786,33285,41600.55497,43354,40081,42831,50239,41544,46405,48971,39730
Caribbean small states,35100,34100,35300,27400,28800,45500,60300,55300,54200,72100,76400,72600,99200,111600,113900,134100,136300,133600,133000,131800,126300,137200,134300,139300,144800,149500,137200,112900,114300,148100,138632,155940,137987,137727,100958,101132,99817,104274,104600,92285,126300,147475.4384,171025.6263,198637,252495,247773,245933,250510,244659.3858
Cuba,15600,17900,19400,17400,15200,15800,17100,13300,17100,17500,17200,15900,18000,20300,17100,16000,18700,19400,17600,18900,19400,12000,9900,8600,12500,12800,14400,16800,19700,15700,12264,11728,9773,8998,10937,11484,11533,11874,11686,10653,21235.45028,18302.85837,15869.7722,23292,15468,17592,20058,13144,8733.666
Curacao,,,,,,,,,,,,,,,,,,,,,,,,,,,,,,,,,,,,,,,,,,,,,,,,,
Cayman Islands,,,,,,,,,,,,,,,,,,,,,,,,,,,,,,,,,,,,,,,,,,,,,,,,,
Cyprus,2600,3100,4000,4300,2000,3500,4700,5200,5200,5400,6200,5700,5700,5900,6200,6100,6400,6400,6600,6700,7600,8000,10300,10800,11500,10900,10600,11500,12000,12100,12551,13321,15081,16908,19073,17392,17530,19131,19399,18556,15318,12430,13296,11724,9000,306,2994,8698,5456
Czech Republic,12500,31900,39900,38900,42200,46000,60300,46100,47000,48000,39100,29300,18700,20000,20900,21700,22200,21800,22100,24200,22300,20200,23100,24800,23500,26100,26900,28300,29500,34800,40027,44164,46574,52127,66134,75295,75439,75830,78377,78153,72137,61476,44189,54948,48975,38304,43878,50387,50694
Germany,143100,153800,166100,151900,180300,176800,179300,181200,183500,183200,187300,186600,188500,195400,201900,214700,234100,269100,294300,310800,344200,406600,458000,459200,521000,526600,566600,645900,673300,709800,738297,762178,796129,844881,937143,1023858,1084821,1126699,1154472,1080553,971803.4316,1021899.939,985668.7692,954874,946082,967453,962803,955827,922648.6435
Djibouti,,,,,,,,,1500,1500,2800,3100,3200,3800,3900,3200,3900,2100,3900,3900,3900,3900,,,,,,,,,,,,,,,,,,,,,,,,,,,
Dominica,,,,,,,,,,,,,,,,,,,,,,,,,,,,,,,,,,,,,,,,,,,,,,,,,
Denmark,50600,64700,69800,70700,67200,66100,67700,67600,70000,74300,69700,64000,69200,77700,62000,75400,82800,85000,84600,87500,90600,87400,91100,101900,97200,101600,107800,118600,114600,106300,109369,110492,97713,90641,99598,,,,,,,,,,,,,,
Dominican Republic,8600,3900,3900,4200,4200,3700,10000,11300,10700,5900,5000,4300,5600,6100,6800,6800,6200,5300,6100,6000,9500,4500,4300,3900,3000,2800,1300,1400,1400,400,,,,,,,,,,,1552,2286,2303,1908,1584,1421,1170,,
Algeria,14800,17400,19300,26200,29300,31900,34400,32900,35000,34800,36500,38200,38700,40300,43400,46200,50500,48400,49400,45700,44100,45600,45900,45400,45500,47000,45100,49600,44200,36400,40202,49274,46015,44315,48531,45692,44822,44136,31026,52731,53088,53286,54292,55516,60066,65940,73465,74714,77463
East Asia & Pacific (excluding high income),,,,,305900,335000,352000,355500,364500,410900,420500,460300,478800,489500,591400,604300,637600,699800,765400,740800,804100,823400,889900,910000,1039100,1138400,1304200,1223700,1241700,1149800,1215806,1522837,1615064,1586155,2067761,2219532,2454357,2702754,2798473,3094982,3848153.597,4200261.077,4541206.004,4876883.318,5445735.692,5873169,6432082,6920314.67,7384072.855
Early-demographic dividend,851900,785500,848000,903200,922300,1010000,1094400,1135000,1180300,1264700,1329500,1335400,1356200,1443000,1538700,1537900,1539900,1575700,1595600,1628300,1603200,1559100,1692000,1695900,1828700,1804800,1925100,1985900,1992200,2043100,2077309,2197664,2027711,2065419,2360942,2441945,2670479,2893009,2852615,2986969,3940298.167,4158415.086,4357526.487,4574583.464,4976915.633,5220321,5700375,5886141.088,6188980.518
East Asia & Pacific,,,,,804900,823000,853800,1094900,1147700,1222500,1232000,1250500,1262800,1289200,1393400,1440800,1518900,1618700,1744300,1745100,1819300,1996000,2142700,2236200,2467300,2644000,2898700,2976700,3010400,2784900.001,2884999,3230312,3472124,3421353,3681701,3879996,4174539,4441653,4597611,4885072,6334923.952,6627354.955,6896897.7,7391410.046,8025736.249,8575632,9231486,9792841.59,10252929.86
Europe & Central Asia (excluding high income),,,,,,,,,,,,,,,,,,,,,,,,1024700,918500,852800,720500,636600,528000,600900,608451,635112,624809,666651,729602,755242,826249,890805,994702,1006505,1182579.227,1328444.386,1416869.82,1563901.503,1696293.52,1805288,1844252,1945388,2045469.917
Europe & Central Asia,,,,,,,,,,,,,,,,,,,,,,,3665600,4699400,4752600,4875900,5087200,5391600,5502800,5933900,6236642,6291425,6044393,6113024,6481841,6300264,6602653,6941099,7106264,6941775,7011230.372,7377144.074,7300522.983,7299434.412,7478837.345,7758659,8043489,8204114,8484576.159
Ecuador,28200,21100,19900,20700,19600,20800,21500,23000,24700,25600,27900,27400,27300,26500,26600,26300,27000,27600,27300,27800,27900,27900,20300,45000,43400,21800,22500,26200,26900,20200,18419,16523,15407,24801,28422,29844,31016,44842,49162,46485,60835,49193,54250.92262,58687,61248,61649,55430,50837,53033
"Egypt, Arab Rep.",14500,12800,15700,14800,17000,15100,16900,18600,18700,21300,25700,27600,28100,29700,29900,31500,29800,30900,33800,35200,19800,25700,34100,31300,38000,39000,41300,41600,39500,44300,47418,41373,41858,42152,42189,44730,47444,51440,57510,56414,104036.125,78726.09091,92303,100735.5,101725.7674,108206,115856,105464,104473
Euro area,996500,1046400,1109000,1100500,1133900,1098200,1122700,1131400,1166900,1186200,1174400,1147100,1186400,1170400,1203600,1240800,1274400,1397800,1558800,1672000,1807500,1875800,2094000,2206500,2316000,2456400,2682200,2988600,3145600,3384600,3614849,3602518,3506391,3648890,3873901,4159101,4376416,4615435,4645469,4526504,4312987.805,4429716.475,4311417.622,4127753.909,4154277.398,4289208,4468338,4479927,4557258.939
Eritrea,,,,,,,,,,,,,,,,,,,,,,,,,,,,,,,,,,,,,,,,,,,,,,539,714,919,919
Spain,146900,159400,167300,176400,178800,181800,184500,192700,209300,214200,207900,188700,191000,194000,184900,181700,180400,183000,207200,225500,244700,262600,289700,282200,282300,313200,332800,370400,387900,414200,485856,517481,493019,518836,549963,586438,602978,657606,616893,547971,546298.8539,535074,471440.8869,465558.909,486353.8,534895,566775,579842,641020
Estonia,,,,,,,,,,,,,,,,,,,,,,,5500,5700,5700,6500,5100,7800,11400,10600,9199,9133,8324,8522,7814,8350,8183,9214,11478,8592,12207.97055,13492,26778,13356,13524,13954,16179,528,790
Ethiopia,20100,20600,21400,21600,19800,16300,18600,12300,9700,8300,8100,12000,13700,14800,16000,21600,23700,24400,22900,23600,20600,20000,25000,24200,25600,26200,24800,28100,27100,24900,26624,28128,28359,27204,29546,30961,33644,37528,39804,44154,48783,57728,62136,68131,71166,83940,94330,99263,110971
European Union,1653600,1731300,1818500,1825500,1845300,1780400,1854200,1856200,1942200,1992000,1981300,1887500,1919800,1942000,2003400,2065500,2162500,2318900,2536400,2734800,2905800,2850600,3128400,3271100,3418300,3583400,3879200,4250800,4427700,4725800,5025189,5065794,4916385,5030886,5383365,5449585,5694985,5962274,6015966,5831207,5661772.828,5853625.688,5666272.363,5501754.909,5547395.898,5727994,5999299,6068508,6252642.939
Fragile and conflict affected situations,117600,120900,123400,127400,117900,147600,160600,155800,162900,165100,184700,193800,192900,201400,229900,208200,210700,215500,232300,224600,217200,202600,189600,141500,179000,143100,147400,150600,146400,,,137211,,,,,,,,,237261.8522,263041.7065,240576.6639,284856,269225.97,268051,268480,292987.38,281256.9598
Finland,44900,48400,51500,55100,60700,64300,62600,56400,60000,61100,70800,74100,72200,68900,68800,70300,66400,77300,84000,89800,93400,92000,93600,90300,91000,97000,103200,113300,119000,120700,145174,128881,108923,107026,109209,107108,114699,118686,114371,104740,132408.2842,144467,138914.1327,138987,140256,153849,162119,118856,125804
Fiji,,,,15500,17600,17800,17600,12800,13200,15200,21200,19200,15500,15500,15700,15800,14200,13100,23700,23600,23500,23200,27200,27000,31000,32600,33600,86900,87900,57300,57776,62768,37685,38732,36920,41886,46866,46359,46467,45595,26127,18142,16011.28581,11748,19140,19487,20906,21855,24134
France,215400,211600,232500,230600,239100,246300,255700,256300,258000,262400,248400,254400,268600,241000,259900,261200,274400,314400,368200,393200,441700,408000,413700,459800,479000,482000,549900,667500,691800,748600,811776,777756,734679,695865,682263,728081,805731,825471,827851,771675,738003.4264,754292,739353.5998,641440,610197,607168,599427,599256,597412
Faroe Islands,,,,,,,,,,,,,,,,,,,,,,,,,,,,,,,,,,,,,,,,,,,,,,,,,
"Micronesia, Fed. Sts.",,,,,,,,,,,,,,,,,,,,,,,,,,,,,,,,,,,,,,,,,,,,,,,,,
Gabon,11200,11200,11000,11300,11200,11300,12700,12100,11600,11800,12000,12200,12600,13100,12600,12300,12300,12500,11000,10700,10400,11300,10800,10900,12000,12000,7100,10000,10100,7300,7445,7492,7474,7990,8342,8505,8524,9057,5654,5423,7516.159851,3002,1553,0,,2765,2305,,
United Kingdom,441800,432200,435200,446300,429400,397100,409300,413300,462600,476900,477500,434000,433200,435600,457900,471700,498900,522900,573300,639100,670700,615500,654600,659400,684900,724800,772300,788900,801900,840800,876158,925638,924944,891154,970036,1018118,1037032,1044883,1056206,1003893,985109.0231,1062692,1050702.909,1052640,1064175.7,1104117,1180312,1182696,1242985
Georgia,,,,,,,,,,,,,,,,,,,,,,,,,1300,1400,2500,1600,1600,3000,1906,1945,4239,5514,4451,4673,4861,5347,5487,5054,2803,3896,3326,2933,3317,3959,3199,5061,7108
Ghana,5000,5400,5700,5600,5700,5900,6100,6000,7000,7000,5600,5100,5300,4500,4400,5800,5500,7500,12300,11800,12600,19000,15100,3200,3400,3000,3300,3500,3500,5000,4873,5892,4382,3333,3333,,,,,,5645.669567,10683,14902,16560,16764,20539,21628,21224,14373
Gibraltar,,,,,,,,,,,,,,,,,,,,,,,,,,,,,,,,,,,,,,,,,,,,,,,,,
Guinea,2000,2000,2100,2200,2200,2300,2300,2300,2300,2300,2300,3500,3500,3500,3600,3600,500,900,900,900,1100,1100,700,700,1400,700,700,700,700,600,,,,,,,,,,,,,,,,,,,
"Gambia, The",,,,,,,,,,,,,,,,,,,,,,,,,,,,,,,,,,,,,,,,,0,0,140,1788,1848,35,440,625,625
Guinea-Bissau,,,,,,,,,1200,1200,1200,1200,1200,1200,1200,1200,1200,1200,1200,1200,1200,1200,1200,1200,1200,1200,1200,1200,1200,,,,,,,,,,,,,,,,,,,,
Equatorial Guinea,,300,300,400,400,400,400,400,400,400,400,400,400,400,400,400,400,400,1400,400,400,400,400,400,400,400,400,600,600,,,,,,,,,,,,717.1709234,2808,8201,19416,14136,22350,22464,20590,19549.22085
Greece,34100,39800,44500,48500,38000,42600,50600,49400,55600,57300,50300,49700,53900,58800,71600,77000,75800,78600,79200,80100,79600,69800,79200,86200,86600,89200,92400,94200,90700,94100,108584,125269,113247,114100,137676,130515,133226,137697,128287,112671,136382.2579,125477.1198,111870,103800,134160,124014,128454,135281,144040
Grenada,,,,,,,,,,,,,,,,,,,,,,,,,,,,,,,,,,,,,,,,,,,,,,,,,
Greenland,,,,,,,,,,,,,,,,,,,,,,,,,,,,,,,,,,,,,,,,,,,,,,,,,
Guatemala,10500,8200,8300,1800,3200,3700,4500,5000,4400,4300,3200,3100,3100,2000,2000,2200,1800,2100,2100,2300,3400,3400,4500,4600,4600,5100,5100,6400,6500,,,,,,,,,,,,8875,9148,8091,2556,2214,3012,3102,3577,3205
Guam,,,,,,,,,,,,,,,,,,,,,,,,,,,,,,,,,,,,,,,12139,11470,,,,,,,,,
Guyana,4000,4200,4200,4300,4400,4500,5000,5200,5200,5200,5200,6400,7100,7000,6700,6700,4500,4500,4300,3800,3800,3300,3300,3300,3300,3500,3600,3600,3600,500,418,276,,,,,,,,,9351,12231,8625,0,0,,,,1931
High income,8010400,8153500,8136200,8259700,7688900,7555400,7766600,8130700,8347600,8665400,8630500,8180000,8143000,8409600,8911300,9410400,10148800,10621700,11193200,11317500,11824100,11619000,12015900,12118300,13245800,13990800,14814900,15273300,15411800,16361800,17661081,17456860,16146925,16693022,18503214,18650227,18764554,19336889,18716281,18944692,20646571.98,20860971.58,20546160.96,20530884.97,20546749.11,20923263,21532428,21734648.92,22212870
"Hong Kong SAR, China",,,,,,,,,,,,,,,,,,,,,,124500,147100,167200,181500,193700,195200,224800,234700,72400,79182,85003,91096,87070,111136,122705,130014,141372,144039,149809,158255,173112,185506.3782,199639,215562,228582,235581,243518,245146
Honduras,21300,20600,17800,18000,17800,15900,14600,13900,15500,17200,19500,13200,13600,12100,11300,11800,8100,11300,14700,15100,17100,12500,11800,13700,,,,,,,,,,,,,,,,,21574,18287,16760,26796,24216,24813,24315,9482,14832
Heavily indebted poor countries (HIPC),187100,186500,178200,180600,174400,200500,210200,188500,198400,206900,209300,207700,200600,198200,198600,192800,176500,178500,183300,180200,178500,174100,163700,149400,143800,137800,154100,159000,152500,145800,143612,137114,,,,,,,,,266822.2892,307977.7171,311610.2906,329263.772,346254.1529,345543,341547,383488,396844.4817
Croatia,,,,,,,,,,,,,,,,,,,,,,1900,4100,9200,12000,13300,15000,16700,16800,15900,16955,18258,19340,19751,20482,22031,21641,22391,24728,24613,24766,26743,26456,24305,25161,25183,26171,26809,27189
Haiti,3200,3200,3200,3400,700,700,700,700,700,700,700,800,800,800,800,800,800,800,800,800,800,800,,,,,,,,,,,,,,,,,,,,,,,,,,,
Hungary,6200,3200,3000,3800,4500,4000,4300,11800,13700,15500,15600,16100,16600,15700,17000,17200,17100,17300,16200,17500,18900,16600,19800,23100,20900,21600,24900,25700,27500,30200,32297,31654,33290,40233,46837,47362,45781,51003,49795,45861,111307,120826.2124,88801.83165,103080,123708,145492,137605,158454,183541
IBRD only,,,,,1339800,1412900,1494100,1511700,1533600,1670000,1726400,1754200,1886900,2042100,2160500,2166600,2227800,2310600,2357500,2377900,2433600,2428500,2602000,3655600,3729200,3828800,3943600,4029700,4005700,4169200,4143886,4646710,4556694,4487240,5080668,5400211,5888346,6484393,6637078,7014244,8613885.387,9277405.407,9809876.534,10517516.09,11341287.09,11960915,12674165,13399825.14,14182345.53
IDA & IBRD total,,,,,1633000,1758800,1870400,1860200,1901500,2057600,2146700,2175500,2292700,2453300,2613400,2625500,2679900,2770000,2838600,2855700,2909000,2899700,3071500,4074900,4200900,4267900,4394400,4539500,4528100,4649100,4634347,5121901,4965837,4891195,5519366,5846449,6352567,6990994,7102413,7497275,9337292.293,10080702.73,10601539.96,11372493.91,12224523.26,12861795,13594565,14403021.14,15257060.48
IDA total,294200,289400,273000,310200,293200,345900,376300,348500,367900,387600,420300,421300,405800,411200,452900,458900,452100,459400,481100,477800,475400,471200,469500,419300,471700,439100,450800,509800,522400,479900,490461,475191,409143,403955,438698,446238,464221,506601,465335,483031,723406.9065,803297.318,791663.4256,854977.8152,883236.1655,900880,920400,1003196,1074714.956
IDA blend,82100,73100,63500,85600,73100,107500,118700,120700,131100,140300,159200,153000,140200,147500,186300,198600,195700,199800,212400,216600,210600,213700,222800,184600,233700,206100,202800,282500,282800,265200,269492,263035,205455,198918,205688,215941,234718,241438,230988,228432,321072.3336,346816.6315,348324.2753,350284,328034.0144,360771,362114,360807,391166.0758
Indonesia,23500,24000,34200,42500,64800,74100,91600,105500,115300,120400,124800,142600,145300,143400,183000,185800,181500,190600,206100,193200,205400,215700,236900,227200,230500,262200,311200,194700,196700,135000,159027,164651,152278,155609,318488,320724,357414,357789,345240,330112,520932.082,599692.2761,641182.3007,576000,675005.8954,682389,823735,892801,959307.381
IDA only,212100,216300,209500,224600,220100,238400,257600,227800,236800,247300,261100,268300,265600,263700,266600,260300,256400,259600,268700,261200,264800,257500,246700,234700,238000,233000,248000,227300,239600,214700,220969,212156,203688,205037,233010,230297,229503,265163,,,402334.5729,456480.6866,443339.1503,504693.8152,555202.151,540109,558286,642389,683548.8803
Isle of Man,,,,,,,,,,,,,,,,,,,,,,,,,,,,,,,,,,,,,,,,,,,,,,,,,
India,97500,64700,96600,94300,69000,90600,94700,99000,105300,100100,100000,104600,106500,113500,120400,139900,151000,159500,157600,156300,125800,117500,120300,105300,130100,168400,151300,182500,196100,180500,198426,206690,231413,263870,302790,330484,453921,569033,592292,601977,623196.7786,695626,678125.9378,689094,724541.12,787998,917625,1029426,1200111.363
Not classified,,,,,,,,,,,,,,,,,,,,,,,,,,,,,,,,,,,,,,,,,,,,,,,,,
Ireland,29000,27500,25200,25700,27500,25800,27100,27400,27700,31100,28400,27700,26600,26300,30800,32500,33500,36600,61400,73000,79500,82400,76700,69000,70300,84000,95000,107200,122700,132700,145457,156277,177032,231296,261345,303697,350204,416205,483741,528098,601262,635065,648817.6515,641412,658512,718059,836293,883323,935961
"Iran, Islamic Rep.",17100,18800,19300,22200,25100,32000,38300,41900,41100,23000,18600,11600,24900,30900,36900,27200,35200,34500,31000,36500,39900,41500,37700,41600,46500,48600,63300,83400,79600,75900,82610,141396,92621,138537,109706,121235,136075,137645,122226,133932,158014.1835,161191.6776,153142.8222,161029,162563.3742,133663,159754,225399.088,228803.6158
Iraq,5300,5800,6500,7300,7700,7300,8600,10100,10400,10400,8800,5500,6500,7400,6700,7900,8400,8400,12400,12600,7800,200,500,,300,,,,,,,,,,,,,,,,7692,9697,8993,4332,4332,12805,10579,18509.38,21071
Iceland,10700,11300,12500,13800,13800,14600,13200,14200,14500,14800,15000,15000,16400,15800,16200,18000,16700,18600,18400,17600,18300,17700,16900,17300,18700,19200,21600,21100,21700,14700,12589,11728,9989,9750,10832,11803,12785,14064,12431,12924,21668.31647,24488,26469,26643,28979,35558,41022,50389,54653.30259
Israel,9700,19800,20600,20000,19700,8400,9200,10100,19100,18900,18500,19200,18500,18500,21100,22500,22700,21800,27800,29600,29500,29900,39100,41900,44200,48000,50000,51400,50100,51600,56427,47648,49404,46334,34152,34104,36257,47038,45309,47856,47829,47195,47073.82746,46644,49177,49020,50548,50330,53901
Italy,183500,196300,204800,184900,185100,171700,171100,166900,159700,160700,162500,152800,158900,160700,161100,174700,172400,180100,189700,214200,229400,231500,261400,265300,268900,280000,306800,321400,338200,358900,367584,393484,350552,385911,382317,445968,447749,431647,382590,382897,335280,328771.58,306320.5033,258027,264899,273462,277671,243811,256596
Jamaica,18600,19500,21500,13700,16100,12600,23800,19800,20100,21100,20700,19500,20000,29200,26500,27700,21600,24000,23300,25200,21300,20900,20000,20000,18700,17000,18300,12300,12500,20600,16577,24440,23343,23976,23338,21787,21133,22401,22894,16840,0,0,0,492,953,997,1128,1181,1215.272
Jordan,4200,4400,4100,4500,5600,7000,8700,9300,10400,11900,14000,16500,17100,16200,15500,15200,14800,15000,15500,17400,14100,11000,14300,15500,16000,16800,17100,16700,15400,15900,16447,15893,16369,15354,17958,19689,26546,29415,30804,32490,39318.7916,40329.1978,39468,38998,38386,36622,38161,36946,36127
Japan,277300,395100,298700,311800,320700,312700,321200,345900,369600,388500,396500,416600,417500,414300,416100,417800,433300,441500,465400,468300,476000,495800,473000,474400,489300,535900,564000,573300,636500,661800,645087,640328,647953,639866,638430,651858,670252,656917,655495,641913,934487.4395,812928,874677,915542.658,927666,956015,984320,1035522,999594
Kazakhstan,,,,,,,,,,,,,,,,,,,,,,,,5900,5900,20900,10300,10300,10400,9100,8041,8398,15426,19560,11754,17302,19160,19138,19229,18832,33483,40916,44580,66108,71220,72486,73188,83048,83287
Kenya,10500,10100,8900,9900,8000,12200,14500,6400,8600,8500,9300,9100,7400,8900,10100,11100,11800,12000,11700,12100,13000,11700,13200,13900,13200,13500,14400,19600,19800,25100,29080,24741,25873,27057,26218,28399,29039,32329,32045,33593,78265,84955,82576,98244,90625,96749,99428,117027,137602.1784
Kyrgyz Republic,,,,,,,,,,,,,,,,,,,,,,,,10400,10400,11600,13300,10400,15300,8300,6051,4942,3951,4810,5550,5228,4730,4916,3567,5459,7371,9274,7719,12189,17388,20962,23120,27055,16344.37197
Cambodia,1300,4400,3900,4100,3800,3400,3400,3400,,,,,,,,,,,,,,,,,,,,,,,,,4648,4512,3893,3207,3998,4324,3667,3304,5104.722222,7191,7432,11897.04324,14732,12983,11933,14372,14387
Kiribati,,,,,,,,,,,,6600,6600,6700,7100,4200,3400,3000,3000,3000,2900,2900,2900,2900,2900,3000,3100,3100,3200,,,,,,,,,,,,,,,,,,,5005,5005
St. Kitts and Nevis,,,,,,,,,,,,,,,,,,,,,,,,,,,,,,,,,,,,,,,,,,,,,,,,,
"Korea, Rep.",16000,38100,39100,39700,33100,29400,27500,30300,34000,39800,37100,34900,38900,41700,47900,49100,53100,59100,69200,143600,120100,120100,141000,163500,170300,188900,207300,229300,207900,204000,226910,228442,238649,240942,232077,221424,223735,243113,250260,256160,280427,282239,285000,360356,368132,448037,473606,499093.92,526374
Kuwait,6700,6800,6800,7000,7600,8400,9700,11600,12500,12500,12900,13400,13300,14600,14700,14200,14300,14300,15000,15600,10000,7200,14300,16200,17200,17900,19400,17200,18700,17300,17486,16682,18929,17833,19512,19142,20673,17685,17999,18191,41848,31753,28814,27305,26610,30073,33387,42782,46450
Latin America & Caribbean (excluding high income),652100,620200,639600,659700,692100,716800,736900,719400,739900,828600,900200,863800,946100,1042400,1075300,1034300,1044300,1068300,1047300,1069600,1082300,1092600,1118600,1191200,1234700,1233100,1304300,1501000,1563900,1741300,1595381,1670230,1535101,1337310,1389699,1449389,1485029,1605768,1559862,1594887,2026245.937,2126443.146,2241049.071,2346603.415,2447432.272,2520562,2447141,2404814,2449950.992
Lao PDR,3100,2300,2400,2500,2400,2400,2400,1800,400,400,400,400,400,400,500,500,1500,2000,2000,2100,3400,3400,3700,3700,3700,3900,3900,3900,3900,6300,6411,6652,6971,7068,8413,9002,9959,9957,10007,9793,11374,12262,15836.12863,16944,12732,9772,9986,9731,10172.84292
Lebanon,20200,20800,21400,22700,23800,22400,23500,21400,22800,23000,22500,19400,15200,19000,13000,11100,8200,8500,11300,6800,10300,9300,10000,9400,9900,10900,9700,10300,10100,10100,10435,10317,10808,10819,11807,12013,11274,12172,12306,13532,19882,21306,21880,23568,23580,24066,24549,25550,25740
Liberia,,,,,1400,1400,1400,1500,1500,1700,1800,7100,7600,8000,6000,2800,2800,2800,2900,2900,2300,2200,2200,,,,,,,,,,,,,,,,,,,,,,,,,,
Libya,6200,6600,7400,8400,8800,9500,9800,11100,11100,11600,12200,13400,14900,16500,16700,16600,15400,14400,16400,17000,18200,19000,14400,9100,7100,5800,6100,6000,6000,6100,6194,5884,5884,6414,8042,13335,12657,13477,9930,9812,34878.07717,27770.50206,16514.43158,32064,26414,13298,10764,9686,7412.428754
St. Lucia,,,,,,,,,,,,,,,,,,,,,,,,,,,,,,,,,,,,,,,,,,,,,,,,,
Latin America & Caribbean,712300,681000,695500,706800,743800,781500,804400,786700,801600,907000,983000,943200,1056500,1149700,1188600,1171500,1192600,1214500,1198200,1220900,1231900,1250000,1287400,1380200,1442900,1462700,1532800,1727100,1806500,1985500,1838871,1916893,1756505,1562182,1584616,1656212,1695244,1833458,1800913,1838212,2303571.688,2431147.824,2549816.184,2732986.415,2840587.997,2898758,2826420,2748629,2818642.415
Least developed countries: UN classification,168900,173200,167600,178100,170500,189900,211000,187300,193800,210100,225400,235300,232400,241500,233500,233200,228900,222300,224700,210200,209300,199600,193900,185500,195300,187500,198100,187400,185400,161600,170335,164604,156854,159470,180304,187173,188247,217552,185775,202446,351440.2344,394605.2789,391789.9299,448045.8152,457116.151,427560,441789,536718,594788.7548
Low income,126300,128300,115300,111800,112900,129900,147800,130900,135800,142400,150300,155900,147100,146300,149800,146900,148600,142400,146400,144200,141400,136800,132400,127200,138800,130100,138000,134600,125900,114200,126924,123141,,,,,,,,,242596.955,267365.3143,253006.7427,266342.772,260738.4913,238452,241220,313757,348210.3958
Liechtenstein,,,,,,,,,,,,,,,,,,,,,,,,,,,,,,,,,,,,,,,,,,,,,,,,,
Sri Lanka,4400,5200,4400,2900,4200,4400,4000,5300,3100,1700,3800,4100,3500,5400,5900,6700,5800,5800,6100,6900,7900,8200,9100,8900,8900,8900,8800,8800,9300,10100,5206,11386,10480,12603,18699,19712,20979,21020,20512,16632,20921,26052,31373,32636.4,37517,37598,40711,41012,34425
Lower middle income,479000,400100,425900,461600,435500,500600,540900,558700,585500,608900,615200,640400,634200,671300,740100,774600,775300,809300,838700,825400,801600,798000,883300,811100,873700,939700,994400,943300,957000,872800,920178,924136,905020,948684,1190459,1241530,1427885,1567958,1600472,1619483,2256198.214,2498536.276,2556962.531,2549407.45,2801068.562,2950603,3327114,3476719,3791630.304
Low & middle income,,,,,1566000,1689300,1796300,1785200,1836100,1988000,2074400,2090100,2192800,2349100,2492700,2487500,2528200,2623100,2687700,2703600,2759800,2741900,2902900,3867900,3973100,4017400,4138700,4273300,4241400,4374800,4347577,4807360,4670464,4589595,5249402,5565485,6064829,6679122,6781812,7177831,8991357.564,9704006.52,10225223.62,10933513.91,11793032.87,12439576,13155537,13969187.14,14786705.18
Lesotho,,,,,900,900,1000,1000,3300,4900,3100,3100,4600,3000,3100,4700,4800,3900,2200,4600,4600,4600,1900,1100,2400,1800,1400,700,2100,200,,,,,,,,,,,,,,,,,,,
Late-demographic dividend,,,,,672000,691200,713800,700700,706900,790300,823400,810300,900600,961300,1045600,1063300,1115500,1170500,1268600,1287600,1377800,1424700,1469600,2465000,2479800,2582100,2622800,2735700,2732000,2853000.001,2828120,3197261,3283798,3218826,3665061,3816401,4169909,4686224,4927058,5504592,6378364.18,6944807.875,7381815.761,7908184.583,8471671.027,9025937,9501394,10149322.67,10719225.9
Lithuania,,,,,,,,,,,,,,,,,,,,,,,4700,4800,6500,6600,6600,8100,9700,11100,10197,10418,9613,9839,11224,11930,11059,10823,12238,11633,4972.63491,7122,11874,9900,12622,12199,9719,12151,2375
Luxembourg,7100,9100,8200,7500,7900,8000,8200,8300,8600,8600,6000,6200,7300,6900,7500,7900,9200,10300,10400,10600,12300,13200,15200,15300,18900,7300,8200,23200,24600,29900,34007,38239,25102,40831,42447,42304,43777,47209,47639,51932,38716,38937,43021,44059,47215,48569,48255,48289,51824
Latvia,,,,,,,,,,,,,,,,,,,,,,,800,4700,5400,5200,10900,8200,9900,9100,9816,9508,9364,10360,16159,23112,29067,28182,28915,27123,54589,54241,46732,43836,42107,41376,42392,47885,54356
"Macao SAR, China",,,,,,,,,,,,,,,,,,,,,,,,,,,,,,,11673,14161,15378,14355,21126,23572,25154,25016,19009,14258,13411,14368,15890,17859,20158,21472,23574,22924,24411
St. Martin (French part),,,,,,,,,,,,,,,,,,,,,,,,,,,,,,,,,,,,,,,,,,,,,,,,,
Morocco,10100,12900,12800,16800,17200,19500,24500,25200,25000,24400,14800,17200,8700,17800,13700,11600,12200,12600,13600,14100,27100,18600,25800,37400,34500,32700,32000,35100,40100,43900,44542,44262,37160,35937,41526,48651,55239,68847,61298,62037,75306,69940.91248,61161.3007,68700,72345,75044,80085,86735,80154
Monaco,,,,,,,,,,,5800,5800,5800,5800,9400,9400,12500,12500,12500,12500,12500,12500,12500,12500,12500,12500,12500,12500,12700,28900,31479,29905,14959,14024,12022,12249,14092,15170,13071,10351,10067,10603,11034.54545,10956,10928.727,10728,611,3,3
Moldova,,,,,,,,,,,,,,,,,,,,,,,,0,0,3400,3800,1600,3300,1100,3682,3866,3862,4333,4657,4392,4248,4654,4933,5047,6571,7147,6560,7500,8400,8739,9625,14116,13590
Madagascar,17600,17600,16200,16000,16500,16600,20500,23100,24300,23900,24500,21000,15100,15000,16500,16200,15600,15700,16100,15300,17200,14300,15300,16900,16200,17800,17200,16800,18300,18600,20491,20129,9433,17202,18016,17911,14142,37310,11861,9566,11714,12332.72727,13267,9451,10385,8852,7230,7650,10170
Maldives,,,,,,300,500,600,700,700,800,500,500,500,500,800,900,700,700,700,800,800,800,800,2600,4000,4100,3300,6000,4400,5970,3286,3417,3520,4224,4520,5108,5006,5006,4971,,,,,26849,31472,33006,33904,26789
Middle East & North Africa,157700,174900,184900,201500,232400,242100,284900,311300,341300,341700,353100,361800,357800,389900,394100,382900,389900,381200,406400,414200,415100,385000,441300,467800,491800,483000,519600,545200,535600,571700,613217,665244,621484,683657,701240,590992,648841,707006,680702,1003079,1267722.284,1292819.15,1353694.092,1427157.5,1501061.142,1561886,1691849,1780821.468,1788051.545
Mexico,56500,49600,64800,91200,101600,112100,115300,111900,115200,129300,177100,151800,144800,202300,200700,204600,187100,189000,141400,152200,177300,189300,228400,246600,272100,225100,222700,264100,292100,328300,290412,292208,278456,287017,330441,331225,317856,309633,266244,222356,445796.033,386063.9941,415279.823,435792.09,457921.907,508614,555984,567921,590727
Marshall Islands,,,,,,,,,,,,,,,,,,2500,2600,2800,3300,3300,5500,5500,8800,8300,4600,3900,3600,3700,2324,2744,3876,3911,3683,3083,3573,3508,3510,3480,,,,,,,,2218,2244
Middle income,,,,,1453100,1559400,1648500,1654300,1700300,1845600,1924100,1934200,2045700,2202800,2342900,2340600,2379600,2480700,2541300,2559400,2618400,2605100,2770500,3740700,3834300,3887300,4000700,4138700,4115500,4260600,4220653,4684219,4574366,4482684,5130588,5444254,5946284,6529928,6656834,7033101,8748760.609,9436641.205,9972216.88,10667171.14,11532294.38,12201124,12914317,13655430.14,14438494.79
North Macedonia,,,,,,,,,,,,,,,,,,,,,,,,3200,3400,3500,4900,3900,7600,6400,8047,4673,1964,2263,2398,2277,2368,2605,2813,1389,,,,,,,,,
Mali,3600,2800,2700,2600,2600,2600,2900,3100,3100,3700,3800,3600,3800,3600,3400,3100,1700,100,,,,,1100,1300,1300,1300,1500,1500,1500,1500,1518,716,,,,,,,,,4656,5580,2753,360,0,,,,
Malta,2400,1900,1500,1700,2100,2400,2400,2500,3400,3600,4300,4600,4800,4400,4000,4000,4500,4700,5300,6000,6600,6800,7500,9500,11300,12800,13600,13400,12700,14100,15394,15056,14594,14390,14356,14768,15359,16895,17334,18362,16828,14891,13845,14257,14022,13639,12305,12799,20903
Myanmar,21700,22500,22900,23500,17900,17100,17200,17400,17400,18500,19400,19500,21500,22300,21700,22500,22500,22500,22600,13800,13800,13800,13800,13800,13800,14500,14500,14500,14700,11300,10329,9709,20624,20611,24729,26460,28700,29235,29514,28499,20485,32354,37798.82982,38028,49599,51652,65643,62480,64397.96449
Middle East & North Africa (excluding high income),105400,112300,121700,139000,154700,165800,191100,197100,203000,189400,185000,184200,187400,213000,210200,199700,211900,208800,220900,225700,223400,211300,218800,224500,233400,229500,249200,277600,271000,271700,296322,356337,297723,340925,333384,360734,391697,412178,382907,419054,556612.1772,530059.4339,511465.2853,556102.5,571311.1416,510478,556552,624693.468,625199.7981
Montenegro,,,,,,,,,,,,,,,,,,,,,,,,,,,,,,,,2411,,4978,4974,5560,,,,,10064.00869,7707,7485,7164,6492,6864,6842,6436,6887
Mongolia,,,,,,,,,,,,,,,,,,,,,,9800,17900,10000,10000,10500,10500,4900,4900,2200,6200,5947,6264,7358,6702,5332,6169,6158,5592,4783,6528,7194.258441,9611.028261,4212,5705.56147,5219,6009,5277,7777
Northern Mariana Islands,,,,,,,,,,,,,,,,,,,,,,,,,,,,,,,,,,,,,,,,,,,,,,,,,
Mozambique,,,,,,4600,8000,4300,5300,5500,6100,5400,5500,6200,4500,2500,2900,3300,4700,4900,5600,5100,4400,3700,3800,3200,3800,4600,5000,5900,6698,7257,7501,7662,8585,9768,10490,10791,10943,11260,13705,12957,13263.25147,19596,19763.59968,18924,15911,11955,10479
Mauritania,5600,4800,4600,4000,3900,4200,4400,4700,4700,4800,4900,4800,4900,4900,4000,4100,4400,4100,4200,4200,3600,4300,4200,4400,4400,4600,4800,4900,4900,3600,3761,2230,1510,1612,1686,1720,1725,1833,1159,1114,6373,4235,3077,3984,4044,4277,4307,5331,5636.839472
Mauritius,300,300,300,300,400,400,400,1300,1400,4200,5300,5000,5100,5400,6000,6400,6500,5800,5900,6400,8400,7700,7700,8000,8200,8900,9400,11000,11000,10700,12162,12269,12720,12969,14791,14743,13692,12090,11742,11144,11750,12353,12258,12079,12131,12646,13614,14842,14940
Malawi,3800,4400,4400,4300,4300,5000,3900,4900,4700,4200,3300,3500,4500,3700,6000,5700,4400,3000,1600,3500,3600,4000,3800,3300,3400,3500,3500,3600,3600,4400,4806,4708,4620,4940,5290,5446,5528,5888,4416,4376,3340.390123,3172,3201.166922,1644,1644,1687,1818,2327,2327
Malaysia,27700,31300,38600,63400,70700,72800,73700,71000,71900,75100,88600,97800,95800,95100,95100,94700,94100,101400,109400,111900,130500,145800,164800,164500,175000,178200,188300,194100,174000,164800,169263,169840,189382,166716,170054,176152,163665,185052,176549,182002,302185.2225,336401,343382,430334.4578,443318.55,463740,447001,473610.67,476733
North America,5404400,5291700,5276600,5407100,5022300,4939900,5043400,5143900,5206200,5399500,5344700,5011900,4916100,5136200,5549800,5905800,6449000,6731800,7009400,6892300,7195400,6881700,6836800,6671500,7503500,7965000,8337600,8253700,8142200,8831000,9784346,9517253,8302667,8825200,10554981,10988079,10781083,11004451,10254839,10380744,11329725.62,11303511.62,11144558.19,11008795.34,10846743,10820701,11000033,11082914,11354692.59
Namibia,,,,,,,,,,,,,,,,,,,,,,8100,9400,6300,6300,6800,7200,7400,7500,5500,5161,5131,5080,6034,6137,6455,6513,6942,5450,5439,8836,9400,11711,8568,9197,10606,11759,13876,14543
New Caledonia,,,,,,,,,,,,,,,,,,,,,,,,,,,,,,,,,,,,,,,,,,,,,,,,,
Niger,2900,2900,2600,2700,2700,2700,2900,2800,2900,2900,3100,3000,2500,2500,2400,1100,2300,2200,2300,1100,500,1200,1100,1300,1300,1300,1500,1500,1500,1500,1518,716,,,,,,,,,0,0,1416,1044,407,469,471,471,
Nigeria,9400,11700,14500,16900,17200,19200,24900,30800,33500,35400,39100,37800,26700,28600,27700,37500,32600,30100,19700,15900,17400,14900,12500,11900,11200,6600,5600,6400,7500,8400,12761,10667,13154,8987,8254,10227,16045,16936,18005,16851,61789,68014.27634,65631.50707,59182,61512.45295,61474,53971,53696,77482.72652
Nicaragua,4400,4700,5000,10100,10100,10500,9800,5900,5900,5900,4200,3600,1800,1900,2200,2300,2000,2000,2000,3600,3900,3900,4200,600,700,800,800,800,800,500,452,,,,,,,,,,,,,,,,,,
Netherlands,84200,84800,85900,87500,88700,85100,85300,89100,93300,93100,93800,91700,97000,96000,94600,98700,102600,118100,121700,122200,115000,130500,173200,189800,176800,203100,206000,185700,188200,224400,229386,222539,250114,248246,254647,241084,250811,259827,262848,291713,268542.0058,293885.8398,307221,312910,304795,309089,334240,342097,325942.296
Norway,83600,96500,110700,120900,126900,137700,141700,149700,150000,167800,171100,158800,161100,169400,177100,190500,229900,233300,222600,221400,233500,228000,253700,249800,259200,266500,279500,301500,305100,334500,320753,306511,270045,248403,254045,,,,,,,,,,,,,,
Nepal,11800,11500,11400,12000,12000,11800,12200,12300,12900,16800,17600,17000,16900,16600,19500,20300,20300,16600,24000,25800,25800,23000,22300,21800,25900,27200,28400,28400,28600,12000,12130,12306,4324,4912,5846,6255,6920,6918,6952,6804,45990,44126,34745,30612,19560,19395,24063,58880,71908
Nauru,,,,,,,,,,,,,,,,,,,,,,,,,,,,,,,,,,,,,,,,1998,342,399,116,96,612,707,862,842,842
New Zealand,83600,86600,90600,96900,103700,103400,98100,89100,90200,91500,87700,78000,75000,78600,90500,96200,93100,98700,111500,126500,128300,109200,122900,123600,125800,127600,187400,256800,236100,227500,240046,266139,242720,247388,196657,209469,220990,219243,220375,217178,207872,206937,203388,203520,189722,186209,181125,184762,187851
OECD members,7987400,8124100,8127700,8293600,7708100,7551400,7743700,8084700,8288900,8586600,8561300,8094200,8022600,8337500,8825700,9311200,10020000,10505800,11025900,11164100,11703100,11379700,11774700,11840500,12952800,13629300,14447400,14939500,15099400,16169000,17400838,17169865,15851103,16399251,18220294,18510973,18598081,19125683,18464089,18420521,20075557.24,20174904.3,20026995.45,19996492.39,19994370,20377310,20957925,21182683.92,21692568.37
Oman,,,,,4700,5400,6200,6300,7200,8300,9500,10000,8700,9500,10100,10500,9600,10200,10800,11400,12300,11400,14400,16200,18800,15700,17900,17500,16300,22200,22322,23213,23168,27751,31871,,,,,25542,32850,35560,39638,46816,47126,56544,61956,71293,76672
Other small states,,,,,,,,,,,,,,,,,,,108600,111900,120400,128300,126600,136200,148200,153600,158900,171600,177400,180500.001,,,,,,,,,,,304617.0264,319463.0779,358016.4423,356192,,427339,472428,,
Pakistan,44300,34000,23600,24300,26700,32000,37300,39900,43100,45000,45300,40600,41200,43800,45100,48200,52000,53800,60700,62500,66100,65700,69700,70300,69200,69400,70000,73300,68600,74400,63956,52616,41917,44731,50309,48905,51296,51029,52165,50939,64932,72695,72232,61820,57956,65749,70005,51019,48542
Panama,16000,16400,16700,11500,11500,9300,10900,11700,10600,11300,8700,6500,9700,6800,6800,6900,7000,7000,7200,6900,5400,5500,7500,9500,10700,16400,16600,17800,21700,21200,25225,24867,21883,25702,27434,30392,33003,40645,46292,66236,73316.7504,79391,82753,135428,132689.7248,137955,143126,112742,119148
Peru,16500,11800,15300,15300,28900,29300,30900,31200,30300,29900,32100,31700,32200,32400,29900,28800,32100,35600,33600,26000,22100,21500,21200,25000,30600,37300,35200,43200,44800,37300,29387,44487,37482,36947,46917,60819,56072,61958,67840,65885,84408.11532,100131,106167,115817.3964,117800,129786,129880,130792,141025.363
Philippines,95100,69000,65300,66900,62700,67800,70000,63400,58000,61700,48900,48300,51100,56800,57000,57700,62900,67400,71200,74200,70100,63200,65100,60800,61600,64000,64700,65500,61800,40300,44547,60511,57193,56235,56647,58944,61712,65212,72333,87028,205318,225789.6836,241698.559,200532,287460,325859,345482,273159,292450
Palau,,,,,,,,,,,,,,,,,,,,,,,,,,,,,,,,,,,,,,,,,,,,,,,,,
Papua New Guinea,,,,,,18800,18900,18100,20400,20300,19200,19100,19400,18300,55400,53900,57300,64700,69500,71400,62400,56700,53200,24700,57800,26800,26800,29300,29600,27100,27512,29826,31147,17704,18712,19606,21935,21700,21751,21450,32741,36364.31978,37309.85769,30012,34068,51680,48892,53696,41545.17078
Poland,29500,29400,32100,35200,30800,36900,38200,41000,41500,42700,42700,34100,16400,25800,28800,28400,30700,30200,28900,31500,28600,19600,22400,27600,30500,32100,35900,38300,38400,43800,52371,71799,69842,73137,77690,78992,83451,89289,90031,83053,82630,82052,81194,83336,77094,68326,84075,106424,123903
Pre-demographic dividend,142500,144200,139200,140600,137800,171200,192600,182200,195900,211400,217900,216700,194700,205800,194500,194600,177600,172100,165000,151800,148400,131500,122600,122400,127000,114800,117300,121400,120000,128400,134784,121438,,,,,,,,,304105.7906,338788.5427,335276.1184,368447.772,355316.604,376858,353162,404599.38,449389.6075
Puerto Rico,,,,,,,,,,,,,,,,,,,,,,,,,,,,,,,,,,,,,,,,,,,,,,,,,
"Korea, Dem. People’s Rep.",7600,9100,,,,,,4900,4900,5500,5700,5600,5600,5400,5400,5500,5400,5500,5800,5800,5800,5800,6100,6100,6100,6400,6400,6900,1000,1300,1332,1305,1396,1354,1652,1768,1839,1949,1986,1865,725,732,890,3576,498.340249,483,522,460,460
Portugal,47600,53500,58100,65100,66400,32800,28200,29200,30800,31400,33500,34100,35100,35300,33900,31000,31700,34600,39500,40300,45000,47000,59900,63300,65900,71600,80500,94700,97600,117200,112462,96049,112324,117404,127025,148604,119668,138093,159135,123551,111961.4079,129004,131870,158096,157702,160003,154448,170444,182753
Paraguay,4400,4500,4100,4100,4100,4100,4200,5700,5800,5900,6300,5900,5900,6000,6400,6600,7300,7800,6400,6200,6100,7300,7400,13600,6800,900,10200,4200,4400,8000,7556,8173,8497,8557,9104,10059,9807,10351,10522,9758,6459,6873.73285,6594,6408,5496,4116,3864,3454,4215
West Bank and Gaza,,,,,,,,,,,,,,,,,,,,,,,,,,,,,,,,,,,,,,,,,,,,,,,,,
Pacific island small states,,,,,,,,,,,,,32500,32200,35000,32300,33100,35900,45500,45600,45400,45400,51700,44600,52800,60700,65400,111300,121400,89300,87674,95413,72759,67062,69538,70306,78717,77907,78100,78761,51069,36808.25228,34691.98417,35340,51276,55485,58321,62670,65161
Post-demographic dividend,7862000,7996500,7982800,8109600,7522800,7372300,7562100,7898000,8100600,8387000,8328300,7901900,7878500,8142800,8615800,9092400,9831200,10310800,10835900,10937400,11438000,11229100,11615900,11684200,12761400,13485000,14270600,14686400,14791900,15678400,16933507,16714073,15385330,15869640,17597666,17822494,17855201,18271239,17590453,17494249,18825974.83,18920390.98,18681652.67,18593551.06,18515193.99,18728288,19131561,19260709.92,19638890.16
French Polynesia,,,,,,,,,,,,,,,,,,,,,,,,,,,,,,,,,,,,,,,,,,,,,,,,,
Qatar,,,,,4700,5400,6200,6300,7200,8300,9500,10000,8700,9500,10100,10500,9600,8800,9400,10000,10900,10000,12900,14700,15200,13400,15400,14400,12300,22600,26652,27049,34364,28370,34931,45964,53327,62689,68818,77178,90819,109525,128402,139869,151703,170582,200927,194389,197811
Romania,6600,6600,6900,8400,13600,13200,15900,22000,17900,18100,18200,12500,17100,18700,22100,23000,24600,23700,23000,24100,22000,20200,16100,18100,21300,22200,17100,25600,15400,17900,23298,20781,17748,26844,30524,38995,42754,51222,55386,57893,61515,57823,51685,43956,42249.8,45596,46733,52063,55637
Russian Federation,,,,,,,,,,,,,,,,,,,,,,,,815400,683400,586300,464700,395300,280500,321400,314621,329935,345262,350963,398958,390824,421170,467670,522577,475261,523759,596042,636748,678071,747804,767043,746446,815708,885094
Rwanda,,,,,,,,,,,,1000,3500,3500,3400,3500,900,1900,900,700,500,1500,500,500,500,,,,,,,,,,,,,,,,5867,7265,10410,11532,12096,3205,4314,18134,18439
South Asia,162000,120100,140800,150700,129200,158000,166600,175000,183600,184000,185200,184400,187700,199800,209400,235900,250800,257800,268700,272600,245300,234900,242700,228400,257300,298700,284100,314700,323400,291800,296548,294067,299963,338691,391577,419742,548761,666865,691007,700428,799070.0047,894201.0318,864800.1922,900742.4,966479.12,1026248,1173973,1313166,1512779.275
Saudi Arabia,25200,26400,26000,25000,29500,35500,47700,64800,74500,84100,94400,100400,99000,101400,103700,100500,95500,91000,92700,89900,92700,79000,95100,100000,102500,98100,100700,100300,101100,106900,108981,107984,108598,108322,113329,116280,131528,150521,148335,156500,177608,193536,208986,216636,232908,236468,256635,270924,254063.7469
Sudan,9300,9500,9100,9100,9200,9200,9800,10300,10500,10600,10400,7800,7800,9000,9200,7900,5100,6400,5500,8000,9100,6800,8400,10000,10600,9300,9800,5500,4400,7500,7753,7562,7523,7849,8435,8695,8839,9418,7219,7178,10897,16727.08824,13525.49633,9432,6852,6021,3165,5831,3170
Senegal,4100,4200,4000,4100,4100,4200,4500,4400,4500,4500,5800,5600,5800,6000,6100,6200,3800,3700,3800,3800,3500,4200,4100,4300,4300,4500,4700,4800,3600,2400,2415,2606,6471,2396,6166,6441,0,,,0,0,5251,7730,5808,4044,3656,582,1087,1087
Singapore,27700,31300,30300,21300,22800,23800,25700,27500,30300,32800,32500,29900,29900,34600,29800,31100,31600,32900,34900,32000,30500,35000,39100,43100,46100,51600,57200,60700,61700,68400,71042,72431,72444,64117,76253,77119,84747,87564,91387,83772,131721.9156,144696.8755,157939.3178,165239.07,183398.5576,181563,207203,203615,208787
Solomon Islands,,,,,,,,,,,8500,9200,10000,9600,10700,10900,10700,11100,11100,11100,11100,11100,11100,3800,4000,10400,10800,10800,11000,12500,11481,12496,13011,9745,11512,12318,13883,13640,13649,13529,7388,7048.954611,6659.698359,11352,11532,13107,13711,14365,14365
Sierra Leone,,,,,,1900,3000,3100,3100,3100,3200,600,600,600,3100,3100,3100,1900,1500,700,500,,100,100,200,200,200,0,0,,202,139,138,138,156,164,171,183,181,186,0,2085,2145,,,,,,
El Salvador,8800,9400,8700,8800,9000,9200,9500,12000,11900,8700,8100,8100,9000,8300,9200,9400,9700,9500,9400,9600,10700,12400,14600,15500,18800,20000,20900,19100,19400,32000,37098,26059,19407,22063,23660,23964,24879,22465,21056,19339,20961.27709,24699,26622,29114,31662,28671,28670,27995,27601
San Marino,,,,,,,,,,,,,,,,,,,,,,,,,,,,,,,,,,,,,,,,,,,,,,,,,
Somalia,1900,2500,2600,2700,2800,2800,2800,2700,2800,2800,3000,2600,2200,2300,2600,2400,2700,2800,2500,1600,1600,900,,,,,,,,,,,,,,,,,,,2716.909928,2815,2791,3540,3444,,98,98,98
Serbia,,,,,,,,,,,,,,,,,,,,,,,,,,,,,,,,14000,19935,17205,19729,17048,19664,19971,19568,17208,16893,17303,16841,18156,28944,31304,31958,29705,28160
Sub-Saharan Africa (excluding high income),220000,228000,224700,228200,220100,253200,279800,260600,274000,299000,319400,332600,317200,323100,316800,321700,288600,291800,285800,296600,301300,305600,296300,289100,290100,264900,276400,319700,313400,319300,335069,328777,297804,319863,337379,360846,358736,400752,354861,361975,578696.62,624597.4445,649833.2497,689280.772,665781.1268,703831,701537,760811,769232.3475
South Sudan,,,,,,,,,,,,,,,,,,,,,,,,,,,,,,,,,,,,,,,,,,,,,,,,,
Sub-Saharan Africa,220000,228000,224700,228200,220100,253200,281800,262600,276000,301000,321400,334600,323400,329300,326600,334200,304800,306600,300500,311500,317100,321900,302300,302700,303500,278900,293600,337600,332300,337800,354035,349026,320253,338510,356660,380427,378262,421479,366757,373213,591685.62,638799.4445,661095.2497,703872.772,680337.1268,720955,720715,781350,787903.3475
Small states,,,,,,,,,,158000,183100,186700,218200,233700,249500,275400,278600,276100,287100,289300,292100,310900,312600,320100,345800,363800,361500,395800,413100,417900.001,411009,429522,,,,,,,,,481986.0264,503746.7686,563734.0528,590169,697384,730597,776682,772097,773348.9093
Sao Tome and Principe,,,,,,,,,,,,,,,,300,300,700,700,700,700,700,700,700,700,700,700,800,800,1100,1135,1135,1128,1170,1267,1310,1337,1426,1142,1143,,,,,,,,,
Suriname,,,,,,,1400,1400,2800,3100,3100,3100,2600,2600,2800,2800,800,700,2200,2100,2100,2700,3000,3600,3100,2600,3800,6200,6300,6800,2169,1920,1714,4402,4620,4851,4908,5022,4900,4560,1925,1914.760638,2417.513298,3420,2796,2995,3309,3385,3225
Slovak Republic,,,,,,,,,,,,,,,,,,,,,,,,1800,1600,2400,3200,3500,5100,5700,2421,1817,4215,6845,12663,13914,14521,23997,24044,32020,2702,990,1439,1824,721.068,70,85,51,
Slovenia,,,,,,,,,,,,,,,,,,,,,,,3900,6700,6900,7800,8000,8600,9900,10900,12082,13220,14881,16402,17310,18071,19505,23165,24477,25478,21840,21370,18141,17212,16557,17931,17825,18488,18444
Sweden,92000,99100,104200,102700,103900,98800,113800,100800,99800,103700,117100,123400,127700,140100,152000,150300,173100,180200,189700,203000,208000,178100,186700,183200,195100,170600,183500,207400,223400,236300,247707,233803,198291,183532,190315,,,,,,,,,,,,,,
Eswatini,,,,600,600,600,600,700,700,500,600,1300,1000,1300,1500,1600,1900,1800,1400,1300,1400,1500,1900,1600,1800,2700,2700,2000,2000,2500,2586,,,,,,,,,,,,,,,,,,
Sint Maarten (Dutch part),,,,,,,,,,,,,,,,,,,,,,,,,,,,,,,,,,,,,,,,,,,,,,,,,
Seychelles,,,,,,,2000,2000,2000,2000,2000,2000,6200,6200,9800,12500,16200,14800,14700,14900,15800,16300,6000,13600,13400,14000,17200,17900,18900,18500,18966,20249,22449,18647,19281,19581,19526,20727,11896,11238,12989,14202,11262,14592,14556,17124,19178,20539,18671
Syrian Arab Republic,4200,4300,5400,4500,7600,6800,8300,8800,8600,7900,7600,8900,8400,8200,6800,5500,7000,7300,6500,9600,11200,12900,9700,8400,8800,8900,9000,10700,9100,11200,13959,13580,12975,13953,16325,16815,17082,18909,18960,19229,12699,15455.40762,9670.323511,5424,5424,168,170,165,167.7535302
Turks and Caicos Islands,,,,,,,,,,,,,,,,,,,,,,,,,,,,,,,,,,,,,,,,,,,,,,,,,
Chad,4000,4100,3900,4000,3800,4000,4200,4200,4300,4400,4500,2400,2600,2600,2000,2100,2100,1600,1700,1700,1200,1800,1700,1900,1900,2000,2100,1800,1800,1500,1518,716,,,,,,,,,699.5314484,984,664,72,72,,,,
East Asia & Pacific (IDA & IBRD countries),,,,,305900,335000,352000,350600,359600,405400,414800,454700,473200,484100,586000,598800,632200,694300,759600,735000,798300,817600,883800,903900,1033000,1132000,1297800,1216800,1240700,1148500,1214474,1521532,1613668,1584801,2066109,2217764,2452518,2700805,2796487,3093117,3844008.027,4195951.463,4536353.001,4864727.318,5436093.352,5872686,6431560,6919854.67,7383612.855
Europe & Central Asia (IDA & IBRD countries),,,,,,,,,,,,,,,,,,,,,,,,1061500,961000,898200,771400,691600,583200,660600,677777,725169,713991,759539,827774,856265,931341,1002485,1109461,1114171,1289975.227,1437239.386,1524519.82,1671542.503,1798548.52,1898797,1954498,2078621,2196561.917
Togo,1500,1400,1200,1200,1200,1300,1500,1400,1400,1500,1400,1300,1400,1400,1300,1400,1100,1000,1100,1100,500,1200,1100,1300,1300,1300,1500,1500,1500,1500,1518,716,,,,,,,,,8164,10745,10264,11484,10599.37036,9947,10725,10485,11559
Thailand,25600,27300,26600,26900,28800,29700,29500,28400,29000,30800,32600,34100,36800,40000,44200,47400,49600,48300,54600,61800,69500,69800,72700,76200,80700,86500,91700,94900,93500,95400,101591,102414,97750,93576,128178,124347,126845,129703,125907,123541,201306,227322,252368.8984,298450,338053.9817,392664,413880,448477,475886.496
Tajikistan,,,,,,,,,,,,,,,,,,,,,,,,,3200,3500,2600,2600,2600,3800,3953,4511,5936,7210,8494,6987,2976,7891,8191,9758,5709.668916,7320,6529.896876,6263,7985,6884,6472,4135,4021
Turkmenistan,,,,,,,,,,,,,,,,,,,,,,,,,12500,12500,8700,8700,8800,18500,21858,23963,23963,24460,16316,14094,15602,15590,15665,15337,3221,1617.841311,1440.732194,12871.01661,6068.32,8548,12890,16843,18184
Latin America & the Caribbean (IDA & IBRD countries),696700,663000,675900,689000,728300,749400,770800,756300,766700,859000,933500,918700,1029000,1120000,1162800,1136900,1154500,1175700,1160400,1181100,1192900,1218400,1260800,1353900,1412700,1430600,1498300,1701200,1777500,1938700,1795191,1875770,1720239,1528729,1543862,1611517,1649988,1787182,1755794,1797292,2255941.237,2384451.966,2503306.411,2675506.415,2771753.997,2832631,2757267,2685336,2751003.292
Timor-Leste,,,,,,,,,,,,,,,,,,,,,,,,,,,,,,,,,,,,,,,,,,,,,,,,,
Middle East & North Africa (IDA & IBRD countries),105400,112300,121700,139000,154700,165800,191100,197100,203000,189400,185000,184200,187400,213000,210200,199700,211900,208800,220900,225700,223400,211300,218800,224500,233400,229500,249200,277600,271000,271700,296322,356337,297723,340925,333384,360734,391697,412178,382907,419054,556612.1772,530059.4339,511465.2853,556102.5,571311.1416,510478,556552,624693.468,625199.7981
Tonga,,,,,,,,,,,,,,,1200,1200,4500,5900,4800,4800,4300,4300,4300,4300,4800,4800,5200,3700,3700,3800,3814,4157,4323,4453,5255,,,,,,,,,,,,,,
South Asia (IDA & IBRD),162000,120100,140800,150700,129200,158000,166600,175000,183600,184000,185200,184400,187700,199800,209400,235900,250800,257800,268700,272600,245300,234900,242700,228400,257300,298700,284100,314700,323400,291800,296548,294067,299963,338691,391577,419742,548761,666865,691007,700428,799070.0047,894201.0318,864800.1922,900742.4,966479.12,1026248,1173973,1313166,1512779.275
Sub-Saharan Africa (IDA & IBRD countries),220000,228000,224700,228200,220100,253200,281800,262600,276000,301000,321400,334600,323400,329300,326600,334200,304800,306600,300500,311500,317100,321900,302300,302700,303500,278900,293600,337600,332300,337800,354035,349026,320253,338510,356660,380427,378262,421479,366757,373213,591685.62,638799.4445,661095.2497,703872.772,680337.1268,720955,720715,781350,787903.3475
Trinidad and Tobago,12500,10300,9400,9000,8000,12100,13600,11800,8300,12200,15100,13700,24200,23200,23300,22800,25000,20000,21300,21800,21500,23400,23100,23900,28000,29400,13700,12400,12500,20900,25982,27908,23076,17731,17483,14298,13878,14703,15017,14247,28909,36648.07379,36648.07379,36564,36216,35127,29892,32589,32770
Tunisia,6600,5700,6900,8600,9500,11200,11300,10800,11300,12500,12300,13500,13800,13700,13800,13800,11200,13000,12500,13100,12900,12300,12500,13300,14400,14900,13800,17200,19700,20100,19907,19385,18538,18738,20554,21268,21715,21734,24385,24225,31098,32179.9169,37233,48804,60419,35540,38631,39856,41446
Turkey,28700,32000,34700,36700,30600,27200,32000,33400,30400,31400,18900,25300,24000,24600,28400,31600,31700,32900,36800,38300,44200,38600,58600,70500,75100,78500,84900,92800,103900,111400,119945,111342,105996,104377,121815,145952,177088,197132,215275,271835,369174,420222,476115,568212.3966,628104,706067,743673,742260,772925.545
Tuvalu,,,,,,,,,,,,,,,,,,,,,,,,,,,,,,,,,,,,,,,,,,,,,,,,,
Tanzania,10500,10000,9600,11500,9000,13700,14900,4100,8900,13000,17500,18700,13400,11800,10400,13800,11200,12300,12100,8000,7500,9400,7500,5700,5400,5600,6100,6000,6100,5000,5973,4360,4401,6082,6441,6062,5068,5457,5460,21088,21825,26332.30059,28130.47207,27625.772,31106.181,35374,27422,47741,51577
Uganda,10500,10100,7300,1700,1200,2200,2800,,,,1500,2700,2800,3100,2100,1100,1800,1700,1200,2000,2000,800,500,1500,1500,900,900,900,900,3000,263,266,263,263,302,317,330,353,349,359,6290,4879,5990,8616,6864,2332,3828,1953,4832
Ukraine,,,,,,,,,,,,,,,,,,,,,,,45400,26400,11400,22600,27700,30600,29800,29500,27973,32864,26859,39778,42374,41911,48562,30029,52509,58756,66038,76652.26818,73378.94262,58474.09,47927.4,45688,55261,63315,66712
Upper middle income,,,,,1017600,1058800,1107600,1095600,1114800,1236700,1308900,1293800,1411500,1531500,1602800,1566000,1604300,1671400,1702600,1734000,1816800,1807100,1887200,2929600,2960600,2947600,3006300,3195400,3158500,3387800,3300475,3760083,3669346,3534000,3940129,4202724,4518399,4961970,5056362,5413618,6492562.395,6938104.93,7415254.349,8117763.686,8731225.819,9250521,9587203,10178711.14,10646864.48
Uruguay,6800,7000,4800,5000,10400,10400,12200,11900,10900,11900,13000,11000,10500,8500,8500,8100,5600,5800,5200,7700,5000,5000,5100,8500,9000,9000,6700,8200,9900,10300,10852,9550,8404,7032,8343,8934,8666,9186,9388,8731,,,,,,,,,
United States,5099200,4999200,4985200,5058200,4650400,4576100,4690500,4795900,4857000,5041800,4962700,4628300,4572100,4810900,5206200,5553900,6106000,6398000,6628500,6522100,6848600,6623900,6578100,6427800,7250000,7682200,8031800,7942900,7824400,8511400,8820878,8535240,8038761,7789108,9566226,9969599,9738983,9815504,9054478,9182363,10095197,10057768,9864360,9745498,9556324,9498668,9640591,9639096,9879630
Uzbekistan,,,,,,,,,,,,,,,,,,,,,,,,,15600,16200,11500,11500,11700,30800,30075,39673,22543,22325,22698,22183,21514,22265,22406,23176,22924,23773,24328,23962,23149,22579,21486,21730,21514
St. Vincent and the Grenadines,,,,,,,,,,,,,,,,,,,,,,,,,,,,,,,,,,,,,,,,,,,,,,,,,
"Venezuela, RB",70100,65600,68900,75500,74000,78300,77500,82200,85100,136200,125200,119500,124700,129900,127200,97900,96700,88000,102700,115200,82000,81100,97700,107100,94200,80300,82800,72700,67400,130200,138500,223075,166807,110062,123232,135574,139671,140774,137900,123646,84065,83106,78583.16238,92813,90235,73509,64058,43138,24986
British Virgin Islands,,,,,,,,,,,,,,,,,,,,,,,,,,,,,,,,,,,,,,,,,,,,,,,,,
Virgin Islands (U.S.),,,,,,,,,,,,,,,,,,,,,,,,,,,,,,,,,,,,,,,,,,,,,,,,,
Vietnam,39600,24100,20300,18200,16000,4500,,,,,200,600,600,1600,1600,1800,1800,1800,1800,1800,1800,3700,3700,16800,21200,27100,27800,33500,29700,29000,28999,35658,42588,41996,50855,54415,50840,60218,74739,83720,109176,135905.6729,135300.4141,149527.817,167386.363,205217,248580,264548,283787
Vanuatu,,,,,,,,,,,,,400,400,300,200,300,300,300,300,300,600,700,1100,1300,1600,1600,1700,2100,1300,1402,1446,1547,1211,1477,1580,1643,1742,1775,1667,17212,11218.29767,11905,12144,10848,10425,9037,12287,11723
World,9448300,9504500,,9764900,9254900,9244700,9562900,9915900,10183700,10653400,10704900,10270100,10335800,10758700,11404000,11897900,12677000,13244800,13880900,14021100,14583900,14360900,14918800,15986200,17218900,18008200,18953600,19546600,19653200,20736600,22008658,22264220,20817389,21282617,23752616,24215712,24829383,26016011,25498093,26122523,29637929.54,30564978.1,30771384.59,31464398.88,32339781.98,33362839,34687965,35703836.06,36999575.18
Samoa,,,,,,,,,,,,,,,,,,,,,,,,,,,6500,1200,9900,10700,10877,11802,12317,9010,10691,11439,12752,12658,12699,12492,,,,,9144,11759,13805,6098,6848
Kosovo,,,,,,,,,,,,,,,,,,,,,,,,,,,,,,,,,,,,,,,,,,,,,,,,,
"Yemen, Rep.",2200,2800,2900,3000,3100,3100,6800,7000,7100,7100,9200,9300,7900,9500,9900,9900,15300,13700,14600,13800,14100,11300,13900,13100,12400,4900,11800,7000,7300,7800,14608,14973,15495,14706,16746,17306,18843,14403,14462,14652,20600,20176.72853,16807.4073,16932,16056,5126,4538,1669,2342
South Africa,39800,46000,47600,47800,55700,58600,59400,58500,58100,63100,64600,69800,70100,64100,67200,64200,51000,55800,60800,81200,84000,78600,79900,93700,89300,74300,88400,102200,93200,103800,110392,122561,116985,130938,133222,148146,146648,152550,156567,151292,190441,191506.8663,197817.3003,184763,199600.5228,209734,212865,216275,180317.186
Zambia,9300,10600,10800,10000,10000,11200,12800,9300,10500,9200,6800,5400,6500,6000,5700,4700,4900,5400,5600,2900,6500,2800,2700,4200,4300,,,1200,1200,5400,6118,4886,4875,5214,5825,5965,6013,6396,4361,,9730,11497,8288,7997,8050,11130,8094,9020,734
Zimbabwe,10400,10800,10800,11400,,,,,,,10900,11100,11100,10800,10600,9400,8900,8800,9700,10000,10300,13300,13500,11000,9800,9900,10000,17700,17800,15300,13603,8848,5050,3950,4269,4410,6819,7272,5917,5937,7077,10020.70561,11560.36785,27684,3730,4145,4231,3444,3444
